Beautiful Soup,Lxml,Regular expressions
0.08305048942565918,0.18192362785339355,0.011513710021972656
0.16910624504089355,0.20096421241760254,0.02201557159423828
0.29419994354248047,0.2189774513244629,0.034023284912109375
0.4002702236175537,0.23496150970458984,0.04653787612915039
0.5043501853942871,0.253978967666626,0.058568716049194336
0.5954077243804932,0.2689859867095947,0.06857585906982422
0.7025115489959717,0.3220245838165283,0.08356428146362305
0.7935543060302734,0.35204577445983887,0.09857487678527832
0.9036309719085693,0.37105774879455566,0.11458158493041992
0.9957189559936523,0.3870964050292969,0.12758994102478027
1.1347968578338623,0.4031081199645996,0.14212799072265625
1.274893045425415,0.4301004409790039,0.15511083602905273
1.3819642066955566,0.44811177253723145,0.16662311553955078
1.4710276126861572,0.4651317596435547,0.18613147735595703
1.5701019763946533,0.48213648796081543,0.20665216445922852
1.6671655178070068,0.5011553764343262,0.2201833724975586
1.8202736377716064,0.5281696319580078,0.23416590690612793
1.9213471412658691,0.5471823215484619,0.246673583984375
2.010439157485962,0.5672028064727783,0.25770998001098633
2.1014726161956787,0.5832138061523438,0.2706918716430664
2.197540521621704,0.5982456207275391,0.28720808029174805
2.368669033050537,0.6182401180267334,0.30121898651123047
2.4757392406463623,0.6412785053253174,0.317230224609375
2.56480073928833,0.6652724742889404,0.3347361087799072
2.6588664054870605,0.6912846565246582,0.3497755527496338
2.7509372234344482,0.7063019275665283,0.36826086044311523
2.836003303527832,0.7303142547607422,0.392777681350708
2.9310882091522217,0.75032639503479,0.41129207611083984
3.0251283645629883,0.7693397998809814,0.43030381202697754
3.177234649658203,0.7853779792785645,0.4513278007507324
3.3243398666381836,0.8033690452575684,0.46883130073547363
3.430413246154785,0.821403980255127,0.4883458614349365
3.5254814624786377,0.837388277053833,0.501882791519165
3.616544723510742,0.855400800704956,0.5188944339752197
3.7606749534606934,0.8714184761047363,0.5303797721862793
3.8477072715759277,0.8874297142028809,0.5413820743560791
3.9377999305725098,0.9034383296966553,0.5538973808288574
4.019835472106934,0.9744861125946045,0.568901777267456
4.112896203994751,1.0005302429199219,0.5904171466827393
4.222973585128784,1.0185158252716064,0.610931396484375
4.31103515625,1.0365276336669922,0.62795090675354
4.532193422317505,1.0565433502197266,0.6459574699401855
4.730334758758545,1.0785586833953857,0.6614730358123779
4.9244725704193115,1.097571611404419,0.6729750633239746
5.142625570297241,1.115584373474121,0.6844840049743652
5.310743808746338,1.1406033039093018,0.6989991664886475
5.424824953079224,1.1626181602478027,0.7215378284454346
5.547910690307617,1.1806581020355225,0.7355260848999023
5.65398645401001,1.1976697444915771,0.7510302066802979
5.826107740402222,1.213653326034546,0.7655477523803711
5.9421892166137695,1.235670566558838,0.7785553932189941
6.014240503311157,1.261688470840454,0.801567554473877
6.091295480728149,1.2917101383209229,0.8250837326049805
6.173353433609009,1.320730209350586,0.8430957794189453
6.235396146774292,1.3527536392211914,0.8581118583679199
6.320457458496094,1.3827741146087646,0.8696146011352539
6.419527053833008,1.4057905673980713,0.8836309909820557
6.525603771209717,1.4348173141479492,0.898634672164917
6.613663673400879,1.4528217315673828,0.9196560382843018
6.669703245162964,1.4758403301239014,0.9321582317352295
6.776778936386108,1.4918503761291504,0.9486720561981201
6.83782172203064,1.5138661861419678,0.9611804485321045
6.89686393737793,1.541886568069458,0.9736950397491455
6.960909843444824,1.5669035911560059,0.9892010688781738
7.026957750320435,1.5829217433929443,1.0037109851837158
7.14404034614563,1.6009292602539062,1.0192203521728516
7.2140891551971436,1.6179401874542236,1.0332581996917725
7.271129131317139,1.6379542350769043,1.0482404232025146
7.316161394119263,1.6549720764160156,1.0597546100616455
7.373201370239258,1.6710057258605957,1.0747604370117188
7.416230916976929,1.686988115310669,1.0917720794677734
7.474272012710571,1.710005283355713,1.106788158416748
7.527311563491821,1.728022575378418,1.1258018016815186
7.582348823547363,1.755039930343628,1.1378154754638672
7.632383823394775,1.771054983139038,1.1498243808746338
7.6814188957214355,1.8000695705413818,1.1618540287017822
7.739461183547974,1.8180880546569824,1.1738345623016357
7.782490491867065,1.834120273590088,1.186845064163208
7.827521800994873,1.8521056175231934,1.2038564682006836
7.87155294418335,1.8681163787841797,1.2228703498840332
7.908582448959351,1.8851287364959717,1.2349061965942383
7.958615303039551,1.9021415710449219,1.2458899021148682
7.994641542434692,1.9231562614440918,1.256899118423462
8.041675329208374,1.9521844387054443,1.2689018249511719
8.076698064804077,1.97719407081604,1.2849419116973877
8.126737117767334,2.001218557357788,1.3409554958343506
8.170764684677124,2.025228261947632,1.3519892692565918
8.210793018341064,2.041238784790039,1.3649978637695312
8.24982213973999,2.058278799057007,1.3769841194152832
8.290849447250366,2.0752906799316406,1.3889875411987305
8.336883306503296,2.0912816524505615,1.4049992561340332
8.389920473098755,2.107286214828491,1.4180142879486084
8.439956665039062,2.125326156616211,1.4310224056243896
8.481985092163086,2.150317430496216,1.4430313110351562
8.518010139465332,2.1723382472991943,1.4560396671295166
8.565044641494751,2.1913740634918213,1.469071865081787
8.61708116531372,2.205382823944092,1.4800574779510498
8.654107809066772,2.2243685722351074,1.4910588264465332
8.693135261535645,2.2413811683654785,1.5010666847229004
8.754177331924438,2.258419990539551,1.5190794467926025
8.786200284957886,2.2754034996032715,1.5311157703399658
8.815220355987549,2.294419288635254,1.5431013107299805
8.846244812011719,2.3124377727508545,1.5551049709320068
8.877264261245728,2.330444574356079,1.5691430568695068
8.907302856445312,2.3574628829956055,1.5821533203125
8.939324378967285,2.3765053749084473,1.6001372337341309
8.974335432052612,2.4005205631256104,1.6271567344665527
9.011361837387085,2.4195070266723633,1.652174949645996
9.17447805404663,2.4365458488464355,1.6791932582855225
9.309571743011475,2.457540988922119,1.7182211875915527
9.447670221328735,2.4725449085235596,1.7422657012939453
9.610785484313965,2.4915575981140137,1.763251781463623
9.808926820755005,2.509575366973877,1.7842679023742676
9.988052368164062,2.527583122253418,1.808284044265747
10.105133533477783,2.5526015758514404,1.8423097133636475
10.219213962554932,2.576624870300293,1.8663251399993896
10.333295822143555,2.5976319313049316,1.892345905303955
10.445374965667725,2.617647171020508,1.9183697700500488
10.566461324691772,2.6356663703918457,1.9513859748840332
10.69955563545227,2.6516711711883545,1.966395378112793
10.84565806388855,2.66768217086792,1.9764089584350586
10.961740732192993,2.6846938133239746,1.9894394874572754
11.117851734161377,2.700732707977295,2.0024213790893555
11.274963140487671,2.7167232036590576,2.019434690475464
11.407055616378784,2.733757257461548,2.035445213317871
11.494117259979248,2.757746696472168,2.047459602355957
11.572171688079834,2.7757654190063477,2.060490131378174
11.653228998184204,2.792771577835083,2.0724713802337646
11.757302045822144,2.807781219482422,2.082505226135254
11.836358785629272,2.8258211612701416,2.0954930782318115
11.906408548355103,2.8418049812316895,2.1104986667633057
11.981460809707642,2.857823371887207,2.1255364418029785
12.052515268325806,2.8758301734924316,2.1365158557891846
12.135574102401733,2.8908467292785645,2.148524761199951
12.207621335983276,2.9068784713745117,2.161539077758789
12.347720623016357,2.9698967933654785,2.1745707988739014
12.422772884368896,2.9999470710754395,2.184577465057373
12.477811336517334,3.027944564819336,2.1965646743774414
12.540860652923584,3.046950578689575,2.214573383331299
12.602900743484497,3.0649635791778564,2.2295820713043213
12.66494369506836,3.084977388381958,2.2435920238494873
12.72698712348938,3.107020139694214,2.256606340408325
12.785033464431763,3.127006769180298,2.267608165740967
12.846076250076294,3.144019365310669,2.2796175479888916
12.910117626190186,3.168036937713623,2.2956295013427734
12.969159364700317,3.1850757598876953,2.308637857437134
13.041209936141968,3.2030675411224365,2.3266780376434326
13.12326955795288,3.2320821285247803,2.3456661701202393
13.184311866760254,3.269108772277832,2.362704277038574
13.249361038208008,3.3211450576782227,2.3747122287750244
13.309399604797363,3.346162796020508,2.3847193717956543
13.366441488265991,3.3941965103149414,2.397700548171997
13.430506944656372,3.428220510482788,2.412712812423706
13.514549493789673,3.450235366821289,2.429729461669922
13.581597328186035,3.4772579669952393,2.4447338581085205
13.642638921737671,3.4972686767578125,2.4587442874908447
13.741706848144531,3.5212864875793457,2.4737606048583984
13.807753324508667,3.5453035831451416,2.4857687950134277
13.876821756362915,3.5793285369873047,2.496798276901245
13.938845872879028,3.599370002746582,2.5127832889556885
13.991886138916016,3.6173601150512695,2.526792287826538
14.05294680595398,3.6353938579559326,2.5438058376312256
14.123976945877075,3.651405096054077,2.5548388957977295
14.183021068572998,3.6694178581237793,2.566847562789917
14.246065139770508,3.6854088306427,2.580829620361328
14.302104949951172,3.7014195919036865,2.5928378105163574
14.362147331237793,3.7184524536132812,2.604846954345703
14.426189422607422,3.7384395599365234,2.619858503341675
14.489234924316406,3.764465093612671,2.635896682739258
14.552278995513916,3.782470703125,2.6489057540893555
14.61632752418518,3.800482988357544,2.66088604927063
14.677367925643921,3.8184962272644043,2.672895908355713
14.751420021057129,3.8385114669799805,2.6859099864959717
14.818466901779175,3.8565502166748047,2.6969122886657715
14.870503425598145,3.8725342750549316,2.7089202404022217
14.918541193008423,3.889573574066162,2.7279629707336426
14.971575736999512,3.9075653553009033,2.7389473915100098
15.029617547988892,3.9275803565979004,2.752958059310913
15.105671644210815,3.9515976905822754,2.764960765838623
15.164733171463013,3.972611904144287,2.7769691944122314
15.227777004241943,3.996622085571289,2.7929868698120117
15.276811599731445,4.01363468170166,2.804015874862671
15.32482624053955,4.032674789428711,2.8189985752105713
15.373860120773315,4.048659086227417,2.8340370655059814
15.419891834259033,4.06567645072937,2.848047971725464
15.477933645248413,4.082684516906738,2.8600335121154785
15.536996126174927,4.099695444107056,2.8720641136169434
15.584007978439331,4.114732980728149,2.8820436000823975
15.637066125869751,4.131723165512085,2.8940792083740234
15.691105365753174,4.152739763259888,2.9070887565612793
15.775144100189209,4.169744968414307,2.9220991134643555
15.834205865859985,4.188758134841919,2.932084560394287
15.88422441482544,4.207772254943848,2.947089910507202
15.934277057647705,4.230788469314575,2.964109420776367
15.982311010360718,4.2508018016815186,2.979111671447754
16.04633593559265,4.274819374084473,2.9931256771087646
16.143405199050903,4.298835515975952,3.0051586627960205
16.240483283996582,4.321852684020996,3.0181405544281006
16.34457564353943,4.340866804122925,3.0321600437164307
16.429616451263428,4.362888336181641,3.0431571006774902
16.531684637069702,4.384896755218506,3.0581953525543213
16.61374592781067,4.404911279678345,3.068180561065674
16.706804037094116,4.42892861366272,3.0811843872070312
16.793864250183105,4.445967674255371,3.095221996307373
16.88693070411682,4.462952375411987,3.1082026958465576
16.979023933410645,4.4789910316467285,3.121212959289551
17.114096641540527,4.494975328445435,3.13222599029541
17.26920223236084,4.5139946937561035,3.1452362537384033
17.385311126708984,4.537004709243774,3.157238483428955
17.46934938430786,4.561028957366943,3.1672511100769043
17.55941104888916,4.5790345668792725,3.181267023086548
17.648470878601074,4.598047494888306,3.1942639350891113
17.80558729171753,4.617067575454712,3.2062783241271973
17.898646354675293,4.636081218719482,3.221289873123169
17.988738536834717,4.653086423873901,3.2382962703704834
18.105793714523315,4.669097661972046,3.2563083171844482
18.203863859176636,4.686109781265259,3.2723212242126465
18.313947200775146,4.705123662948608,3.316351890563965
18.414016008377075,4.729141473770142,3.3584089279174805
18.502073049545288,4.755162477493286,3.3683931827545166
18.595144033432007,4.770169734954834,3.3814034461975098
18.679198026657104,4.7901904582977295,3.393432855606079
18.770264148712158,4.80719518661499,3.4054412841796875
18.85832977294922,4.825208902359009,3.4154481887817383
18.96240472793579,4.842226505279541,3.429436683654785
19.099496841430664,4.859260559082031,3.4464728832244873
19.24660062789917,4.874243259429932,3.458451271057129
19.378698348999023,4.891281843185425,3.472461462020874
19.46578359603882,4.9082725048065186,3.4834980964660645
19.558820486068726,4.9532999992370605,3.494476556777954
19.6468825340271,4.996330738067627,3.505483627319336
19.791984796524048,5.0183515548706055,3.523524761199951
19.882055044174194,5.036357164382935,3.5355334281921387
19.97811722755432,5.0563788414001465,3.5465123653411865
20.06317687034607,5.076392889022827,3.5595271587371826
20.155242919921875,5.093425512313843,3.5755388736724854
20.240302085876465,5.110437631607056,3.5925469398498535
20.328367233276367,5.129427194595337,3.612560749053955
20.430465936660767,5.147442817687988,3.638580083847046
20.5154972076416,5.167456865310669,3.667600393295288
20.610958337783813,5.184461832046509,3.682614803314209
20.706506490707397,5.204476356506348,3.7026243209838867
20.8155837059021,5.227492809295654,3.7196359634399414
20.904650449752808,5.25651478767395,3.7346510887145996
21.014724731445312,5.2825329303741455,3.7546615600585938
21.20786142349243,5.306548357009888,3.787684917449951
21.333950757980347,5.328564882278442,3.8097000122070312
21.42000985145569,5.354589462280273,3.8317155838012695
21.51708459854126,5.379600763320923,3.849727153778076
21.619157075881958,5.4176270961761475,3.868741512298584
21.809289932250977,5.449651002883911,3.8857531547546387
21.912387132644653,5.474668025970459,3.8977608680725098
22.006425142288208,5.505690574645996,3.9187774658203125
22.09248685836792,5.5287065505981445,3.9358160495758057
22.182554006576538,5.550722122192383,3.949798345565796
22.327654361724854,5.568761348724365,3.963808298110962
22.44173502922058,5.585746765136719,3.974843978881836
22.52479839324951,5.607762813568115,3.986823797225952
22.618858337402344,5.624781370162964,3.998861074447632
22.71192955970764,5.646790027618408,4.015846252441406
22.80701994895935,5.662807464599609,4.02885627746582
22.89706063270569,5.680840492248535,4.042863368988037
22.993123054504395,5.696824789047241,4.057875156402588
23.147239923477173,5.713864326477051,4.0679099559783936
23.303342819213867,5.730877161026001,4.081897974014282
23.41442108154297,5.755866765975952,4.094907760620117
23.494505167007446,5.776886463165283,4.106909513473511
23.596551418304443,5.801900148391724,4.1199235916137695
23.689624786376953,5.820913314819336,4.131955146789551
23.829744815826416,5.839925765991211,4.14396333694458
23.923782110214233,5.856965065002441,4.154949426651001
24.01784873008728,5.877952814102173,4.16495680809021
24.097903966903687,5.893963813781738,4.181962490081787
24.201980352401733,5.909982681274414,4.196979522705078
24.290045738220215,5.930991172790527,4.209009647369385
24.3801052570343,5.9550089836120605,4.22502064704895
24.471168518066406,5.98503565788269,4.23800253868103
24.572246551513672,6.011046886444092,4.2510130405426025
24.66430425643921,6.032088994979858,4.262024402618408
24.78138828277588,6.049073934555054,4.2750279903411865
24.873454093933105,6.068087577819824,4.28803825378418
24.9765305519104,6.089102506637573,4.311054706573486
25.095611333847046,6.108119964599609,4.329094648361206
25.22470235824585,6.123155355453491,4.34310507774353
25.33078122138977,6.140138387680054,4.354084730148315
25.432848691940308,6.162160634994507,4.367100715637207
25.527921438217163,6.17819356918335,4.380101919174194
25.616979598999023,6.197179794311523,4.394140958786011
25.736063957214355,6.220195770263672,4.406127452850342
25.856154680252075,6.244239807128906,4.418129920959473
25.942214488983154,6.261223793029785,4.431138277053833
26.040305852890015,6.280238389968872,4.444148778915405
26.125340461730957,6.298249959945679,4.4591875076293945
26.225414276123047,6.31526255607605,4.472173690795898
26.31947660446167,6.331273555755615,4.484183073043823
26.421553373336792,6.351287603378296,4.501195430755615
26.508615493774414,6.368299961090088,4.518206596374512
26.596672534942627,6.3853113651275635,4.532238006591797
26.694769144058228,6.406327724456787,4.543223857879639
26.785810708999634,6.433346271514893,4.55923056602478
26.89087963104248,6.4543609619140625,4.580245494842529
26.980942726135254,6.4783775806427,4.5962560176849365
27.137055158615112,6.497398138046265,4.608292102813721
27.274178981781006,6.516403913497925,4.619299411773682
27.37322688102722,6.5384204387664795,4.631279945373535
27.471291542053223,6.56744122505188,4.648320913314819
27.556350231170654,6.5874550342559814,4.664304971694946
27.648415327072144,6.605466604232788,4.6763176918029785
27.79351782798767,6.627512216567993,4.689351558685303
27.889587879180908,6.6484997272491455,4.700339078903198
27.983680725097656,6.666537284851074,4.718370676040649
28.077747344970703,6.682549476623535,4.729379415512085
28.16979193687439,6.698539972305298,4.742364883422852
28.270857572555542,6.716546058654785,4.753369092941284
28.3569176197052,6.73258638381958,4.765381574630737
28.43697714805603,6.753572940826416,4.776382684707642
28.53304100036621,6.769610643386841,4.790392875671387
28.617101669311523,6.786595106124878,4.803407669067383
28.720174074172974,6.801612854003906,4.816411256790161
28.808265686035156,6.82162070274353,4.831449508666992
28.902302026748657,6.8406336307525635,4.844431161880493
28.98936367034912,6.857645750045776,4.865474462509155
29.137470722198486,6.873663425445557,4.879483461380005
29.29658269882202,6.889675140380859,4.891465663909912
29.401657819747925,6.9066808223724365,4.902474880218506
29.506730794906616,6.977731943130493,4.914482355117798
29.598822832107544,7.00075364112854,4.9284961223602295
29.714879274368286,7.022763967514038,4.939526319503784
29.852974891662598,7.04677939414978,4.9495110511779785
29.95707631111145,7.065797567367554,4.966517925262451
30.041112661361694,7.081812858581543,4.978525876998901
30.133174419403076,7.09881591796875,4.989539623260498
30.221235036849976,7.114855766296387,5.000569105148315
30.31132674217224,7.133846282958984,5.0125555992126465
30.405367136001587,7.154855966567993,5.0245866775512695
30.500460624694824,7.170894384384155,5.036567449569702
30.595505714416504,7.191882610321045,5.054581880569458
30.67956042289734,7.211897134780884,5.075610399246216
30.788642644882202,7.240918397903442,5.086607933044434
30.87870717048645,7.265934944152832,5.09961724281311
30.974797248840332,7.293955087661743,5.117652416229248
31.11186647415161,7.3259782791137695,5.128631830215454
31.243958950042725,7.34999942779541,5.1406402587890625
31.3590407371521,7.377013444900513,5.15164852142334
31.441126346588135,7.400031089782715,5.166660308837891
31.535193920135498,7.435055255889893,5.178695201873779
31.62623429298401,7.471079111099243,5.190675973892212
31.803354024887085,7.498099088668823,5.200711250305176
31.891417980194092,7.524117946624756,5.218697786331177
31.97947859764099,7.561149597167969,5.234735488891602
32.06254482269287,7.584165811538696,5.24971866607666
32.1636381149292,7.6021728515625,5.262732982635498
32.36375284194946,7.61821174621582,5.2807393074035645
32.5178599357605,7.641200304031372,5.32977557182312
32.628944396972656,7.664243459701538,5.357794761657715
32.745020151138306,7.681228160858154,5.368805885314941
32.86510634422302,7.699247598648071,5.37981653213501
32.979190826416016,7.715252637863159,5.392846584320068
33.098270654678345,7.7312703132629395,5.405828475952148
33.22335958480835,7.751277685165405,5.419837713241577
33.368462562561035,7.770291328430176,5.432847738265991
33.46655893325806,7.7913126945495605,5.443862199783325
33.55860257148743,7.812323331832886,5.459868431091309
33.67468047142029,7.8433449268341064,5.4758782386779785
33.870818853378296,7.862363576889038,5.4888927936553955
34.02492642402649,7.883371591567993,5.500901460647583
34.1189923286438,7.899389266967773,5.515911102294922
34.224074602127075,7.918395280838013,5.527914524078369
34.313135623931885,7.9374098777771,5.538928270339966
34.409199237823486,7.957450866699219,5.549935340881348
34.490254163742065,7.976437568664551,5.561966180801392
34.58132481575012,7.994450569152832,5.574947834014893
34.66437792778015,8.011468887329102,5.5859620571136475
34.783461570739746,8.034478902816772,5.609973669052124
34.873533487319946,8.059502363204956,5.642996788024902
34.96659779548645,8.07850956916809,5.670016288757324
35.10169434547424,8.095548391342163,5.701037883758545
35.23177909851074,8.113534450531006,5.7300591468811035
35.34986424446106,8.131546258926392,5.761080265045166
35.44393491744995,8.151561737060547,5.791102170944214
35.541998863220215,8.169573783874512,5.826127052307129
35.63406944274902,8.185591697692871,5.850144863128662
35.79617929458618,8.20259690284729,5.886170387268066
35.89927959442139,8.219616174697876,5.928199291229248
35.98832130432129,8.240624189376831,5.95221471786499
36.073376178741455,8.259644031524658,5.972230434417725
36.173447132110596,8.276677370071411,5.99524712562561
36.26151371002197,8.292665958404541,6.020263671875
36.36358594894409,8.31167459487915,6.0452821254730225
36.45367169380188,8.327712774276733,6.060296297073364
36.54971265792847,8.344704389572144,6.078304767608643
36.64677953720093,8.365712881088257,6.101320505142212
36.74585580825806,8.381723642349243,6.123342275619507
36.84094762802124,8.400737524032593,6.143351793289185
36.931983947753906,8.423754930496216,6.1593687534332275
37.04106020927429,8.44577693939209,6.1763739585876465
37.17615532875061,8.46578311920166,6.196394443511963
37.29423785209656,8.481821775436401,6.217403888702393
37.39130759239197,8.499834537506104,6.236416816711426
37.48036980628967,8.515819072723389,6.254430055618286
37.58044123649597,8.5328369140625,6.273450136184692
37.671510219573975,8.551871299743652,6.301462888717651
37.81960892677307,8.569884777069092,6.328487396240234
37.91268062591553,8.5858736038208,6.346493482589722
38.02675747871399,8.60288691520691,6.363512754440308
38.110844135284424,8.61989974975586,6.382519721984863
38.21489095687866,8.63890552520752,6.403534650802612
38.3089554309845,8.662922859191895,6.420551776885986
38.400020599365234,8.682937145233154,6.44156289100647
38.49311375617981,8.702977657318115,6.463576078414917
38.58015322685242,8.718961954116821,6.486594200134277
38.669217109680176,8.737983226776123,6.5036327838897705
38.78529477119446,8.760018825531006,6.5206215381622314
38.902403593063354,8.777030944824219,6.531630277633667
38.995469093322754,8.794042587280273,6.542632341384888
39.17056679725647,8.811027765274048,6.553640127182007
39.32870554924011,8.82904052734375,6.565654516220093
39.43174934387207,8.8460533618927,6.578657865524292
39.54082703590393,8.880078077316284,6.590673446655273
39.62688732147217,8.899096488952637,6.60067892074585
39.77499437332153,8.921106338500977,6.613711357116699
39.8700647354126,8.989153861999512,6.6267218589782715
39.960129737854004,9.015178918838501,6.64170241355896
40.04718542098999,9.034185886383057,6.655717849731445
40.135252714157104,9.062206268310547,6.669723033905029
40.23031449317932,9.087222576141357,6.692739963531494
40.335389614105225,9.109265565872192,6.726762771606445
40.425453662872314,9.127251863479614,6.749779224395752
40.51352000236511,9.149268627166748,6.765790939331055
40.61061191558838,9.17328429222107,6.781809091567993
40.70065212249756,9.195306777954102,6.7928147315979
40.80172324180603,9.21133804321289,6.859858274459839
40.90779519081116,9.230324268341064,6.894882917404175
40.996862173080444,9.26134705543518,6.965932846069336
41.13695693016052,9.288366079330444,7.0019590854644775
41.29407548904419,9.317386388778687,7.033980131149292
41.394137144088745,9.340408086776733,7.0770111083984375
41.49220657348633,9.364418268203735,7.123045206069946
41.580297231674194,9.3904447555542,7.145060062408447
41.6723358631134,9.416456460952759,7.1730797290802
41.80343294143677,9.438472032546997,7.18808913230896
41.90650725364685,9.457484245300293,7.204102039337158
41.99656844139099,9.483510494232178,7.228119134902954
42.08762884140015,9.50051498413086,7.243128061294556
42.2647545337677,9.529536008834839,7.259140968322754
42.418891191482544,9.551552295684814,7.276151180267334
42.52796959877014,9.570565462112427,7.314178705215454
42.61202788352966,9.585575580596924,7.373221397399902
42.71607303619385,9.602593898773193,7.3902318477630615
42.80514144897461,9.619599342346191,7.406249046325684
42.90820932388306,9.638614177703857,7.422260284423828
42.99827766418457,9.6676344871521,7.437290191650391
43.15238332748413,9.685646295547485,7.46028208732605
43.33451557159424,9.702685594558716,7.476293087005615
43.419575691223145,9.719670057296753,7.495306015014648
43.52664828300476,9.735681295394897,7.516321659088135
43.61470937728882,9.756701707839966,7.529329299926758
43.74079966545105,9.772734880447388,7.544346570968628
43.84687399864197,9.790720701217651,7.558357000350952
43.95995783805847,9.808733463287354,7.569358587265015
44.04401135444641,9.823770523071289,7.5823681354522705
44.157092571258545,9.840756177902222,7.600382089614868
44.24815583229065,9.860769987106323,7.62239670753479
44.34125089645386,9.881784200668335,7.644412279129028
44.4252815246582,9.898823499679565,7.660429239273071
44.51437258720398,9.918810367584229,7.67443323135376
44.608415842056274,9.935828447341919,7.701452255249023
44.697474002838135,9.962841272354126,7.725469589233398
44.82256245613098,9.978860139846802,7.7414870262146
44.91365575790405,9.998868703842163,7.758493423461914
45.00469970703125,10.021884679794312,7.7755043506622314
45.1467981338501,10.050904750823975,7.791521072387695
45.26388144493103,10.078924894332886,7.8065266609191895
45.38296556472778,10.102941989898682,7.824539661407471
45.466023206710815,10.121954679489136,7.8345465660095215
45.556081771850586,10.143970251083374,7.846554517745972
45.63914608955383,10.165992498397827,7.864567995071411
45.81626582145691,10.183024644851685,7.882605314254761
45.98638701438904,10.204012870788574,7.895595550537109
46.08345913887024,10.223025560379028,7.910601377487183
46.18852972984314,10.242039918899536,7.9246156215667725
46.272616147994995,10.260053873062134,7.934622287750244
46.38069272041321,10.283096075057983,7.944623947143555
46.463752031326294,10.299079895019531,7.9536356925964355
46.566797494888306,10.31809377670288,7.964637994766235
46.65385913848877,10.334131956100464,7.974647045135498
46.75695872306824,10.353145360946655,7.984657287597656
46.838995933532715,10.370136737823486,7.9936842918396
46.93306303024292,10.38614821434021,8.003665208816528
47.03512954711914,10.408157348632812,8.014673948287964
47.16522550582886,10.43117356300354,8.024685382843018
47.31832814216614,10.452188491821289,8.033712148666382
47.41940450668335,10.480209112167358,8.044699430465698
47.53548288345337,10.497220277786255,8.053706645965576
47.64856171607971,10.516240119934082,8.064733982086182
47.8166823387146,10.532251119613647,8.0757417678833
47.941770792007446,10.554267168045044,8.084728002548218
48.06986713409424,10.57227349281311,8.095730304718018
48.191946506500244,10.588311195373535,8.110741376876831
48.282010555267334,10.604322910308838,8.123750686645508
48.374103307724,10.621307849884033,8.132782459259033
48.45813965797424,10.638326406478882,8.142763376235962
48.56621789932251,10.654358386993408,8.153771877288818
48.65127611160278,10.67935037612915,8.162777423858643
48.74036264419556,10.698369026184082,8.174812078475952
48.836405754089355,10.715401649475098,8.18579912185669
48.94748640060425,10.73139238357544,8.194800853729248
49.08157992362976,10.7554030418396,8.206815242767334
49.24269437789917,10.771414279937744,8.22282075881958
49.34876585006714,10.787452459335327,8.237831592559814
49.43883275985718,10.806465864181519,8.258847713470459
49.52388882637024,10.82447862625122,8.277860403060913
49.61695432662964,10.841463565826416,8.294872283935547
49.75305223464966,10.857501983642578,8.326895952224731
49.858152627944946,10.88349437713623,8.340909719467163
49.94621515274048,10.90351414680481,8.355915546417236
50.066272497177124,10.935530424118042,8.373933792114258
50.15936517715454,10.988594770431519,8.39294171333313
50.25640654563904,11.006587028503418,8.409953832626343
50.35647654533386,11.022594451904297,8.425965070724487
50.45056414604187,11.039630889892578,8.447980165481567
50.546639919281006,11.056617259979248,8.48400616645813
50.64067840576172,11.078630924224854,8.501017808914185
50.73775315284729,11.100646734237671,8.542048692703247
50.827816009521484,11.120660543441772,8.557056665420532
50.91387057304382,11.143678426742554,8.572068929672241
51.02294993400574,11.165699243545532,8.584104061126709
51.184062480926514,11.183711051940918,8.597112894058228
51.31015706062317,11.200724363327026,8.6090989112854
51.406227111816406,11.217756986618042,8.6201012134552
51.496283292770386,11.239745616912842,8.632116079330444
51.60235857963562,11.266771793365479,8.644148349761963
51.71043586730957,11.305792570114136,8.657156229019165
51.85453772544861,11.329809188842773,8.671143293380737
51.943604707717896,11.353832244873047,8.684152841567993
52.0396671295166,11.379844188690186,8.733183145523071
52.123732566833496,11.403861999511719,8.79522705078125
52.21879577636719,11.43388319015503,8.826249361038208
52.33988118171692,11.461901903152466,8.861273050308228
52.4349467754364,11.503931999206543,8.894296884536743
52.52301502227783,11.53395414352417,8.928320169448853
52.645095348358154,11.562974452972412,9.003373622894287
52.73916792869568,11.580987453460693,9.097440958023071
52.86224913597107,11.602028608322144,9.156482219696045
52.95331311225891,11.617012023925781,9.186503171920776
53.0703980922699,11.636025428771973,9.25255012512207
53.21349906921387,11.653066158294678,9.292579650878906
53.356598138809204,11.670076370239258,9.317596197128296
53.4546754360199,11.688068628311157,9.376638889312744
53.539756536483765,11.707104206085205,9.450690746307373
53.6628155708313,11.732094526290894,9.480711460113525
53.80291438102722,11.75811219215393,9.561769723892212
53.898988246917725,11.782156467437744,9.667844772338867
53.99505066871643,11.800142288208008,9.693861961364746
54.08811712265015,11.817153453826904,9.77091670036316
54.176206827163696,11.835194826126099,9.819950342178345
54.26924443244934,11.8511803150177,9.847970962524414
54.35433268547058,11.868189573287964,9.88099455833435
54.43538999557495,11.886202335357666,9.906011581420898
54.5334370136261,11.906244277954102,9.932031154632568
54.64751315116882,11.926231145858765,9.964053392410278
54.762598276138306,11.949246883392334,10.030099868774414
54.8516628742218,11.967260122299194,10.050114154815674
54.946723222732544,11.986273527145386,10.070127725601196
55.04479455947876,12.003285646438599,10.096146583557129
55.18088936805725,12.020323991775513,10.119162321090698
55.31198215484619,12.037316083908081,10.151186466217041
55.410056591033936,12.055322170257568,10.178209781646729
55.5091495513916,12.074362993240356,10.199218273162842
55.598212242126465,12.099354028701782,10.220234870910645
55.7022602558136,12.12237811088562,10.243250370025635
55.86637496948242,12.140389204025269,10.2712721824646
55.96344757080078,12.16439962387085,10.29128646850586
56.061513900756836,12.181411266326904,10.33231258392334
56.16659116744995,12.199424266815186,10.3503258228302
56.25564885139465,12.21643590927124,10.411369323730469
56.35472083091736,12.232447385787964,10.427380800247192
56.4507954120636,12.25146746635437,10.448394775390625
56.551886558532715,12.266477584838867,10.506435871124268
56.63694763183594,12.283511400222778,10.527451515197754
56.74402332305908,12.30150294303894,10.572482109069824
56.82508039474487,12.322537899017334,10.59149718284607
56.932127952575684,12.340530395507812,10.641531467437744
57.025195360183716,12.365540742874146,10.656543493270874
57.20632314682007,12.38355541229248,10.688565969467163
57.53755831718445,12.400570631027222,10.710580587387085
57.92883825302124,12.420587539672852,10.740601778030396
58.22404170036316,12.438620328903198,10.760616779327393
58.460208892822266,12.455605506896973,10.79464077949524
58.62332582473755,12.472617864608765,10.812652587890625
58.793445348739624,12.489656448364258,10.82766318321228
58.95255708694458,12.511646032333374,10.849677562713623
59.08665204048157,12.530685424804688,10.863688468933105
59.219746112823486,12.547677040100098,10.895711183547974
59.331825256347656,12.566689729690552,10.909721851348877
59.44290471076965,12.582695960998535,10.923730611801147
59.57099533081055,12.599707126617432,10.966761112213135
59.66706204414368,12.614717721939087,10.982773065567017
59.75812649726868,12.631730079650879,11.109862565994263
59.83918333053589,12.648748397827148,11.12287187576294
59.90422964096069,12.665780782699585,11.135881185531616
59.96026873588562,12.681771755218506,11.165903568267822
60.00930333137512,12.70578122138977,11.21393632888794
60.071349143981934,12.725823879241943,11.280983686447144
60.121384620666504,12.741807460784912,11.29499363899231
60.1714186668396,12.762829065322876,11.35603666305542
60.22145414352417,12.777833461761475,11.368045330047607
60.264484167099,12.798848390579224,11.381054401397705
60.3065140247345,12.82987117767334,11.43909478187561
60.39457631111145,12.854888439178467,11.451103687286377
60.490644216537476,12.872901439666748,11.463112831115723
60.59872102737427,12.897939443588257,11.53716516494751
60.682780504226685,12.938948631286621,11.547171115875244
60.775845766067505,13.004996061325073,11.557178735733032
60.85089945793152,13.038017511367798,11.584198474884033
60.92295026779175,13.065037488937378,11.59920883178711
60.960976362228394,13.088052988052368,11.615220546722412
61.00600981712341,13.112070322036743,11.675261735916138
61.06104874610901,13.13808822631836,11.686269998550415
61.117088079452515,13.165106534957886,11.697277307510376
61.17512822151184,13.193127155303955,11.708285093307495
61.23517107963562,13.213141441345215,11.764325141906738
61.272196531295776,13.238159418106079,11.77433156967163
61.30922508239746,13.265178203582764,11.786340475082397
61.342246532440186,13.294199466705322,11.854389190673828
61.375269412994385,13.323220252990723,11.865396738052368
61.404290437698364,13.358250379562378,11.875404119491577
61.4333131313324,13.385262966156006,11.991486310958862
61.46234726905823,13.411282300949097,12.003494024276733
61.49935722351074,13.438304662704468,12.01450252532959
61.53137993812561,13.46431827545166,12.022507429122925
61.56540393829346,13.484360456466675,12.092557430267334
61.59442687034607,13.504347324371338,12.104566097259521
61.65947675704956,13.529366493225098,12.113571882247925
61.76254415512085,13.558385610580444,12.170612573623657
61.85160756111145,13.577399730682373,12.181620359420776
61.943700551986694,13.598425388336182,12.18962550163269
62.033764362335205,13.616431474685669,12.19963264465332
62.1748366355896,13.63644027709961,12.244665384292603
62.388989210128784,13.655460119247437,12.25266981124878
62.57211947441101,13.6714928150177,12.26267695426941
62.75825119018555,13.688477516174316,12.308709859848022
62.92837071418762,13.70749568939209,12.31871771812439
63.08648204803467,13.730508089065552,12.328723907470703
63.26660919189453,13.754523754119873,12.338731527328491
63.40171265602112,13.769534587860107,12.35874629020691
63.493773221969604,13.78754734992981,12.36775279045105
63.60684895515442,13.803585767745972,12.376758813858032
63.70591878890991,13.819570302963257,12.385763883590698
63.825002908706665,13.836588382720947,12.40177607536316
63.92907738685608,13.852592945098877,12.41078233718872
64.07318472862244,13.869632005691528,12.418787717819214
64.16224098205566,13.887645244598389,12.435799598693848
64.23129415512085,13.903656482696533,12.444806098937988
64.28933048248291,13.922650337219238,12.454813480377197
64.34837222099304,13.944658756256104,12.472826719284058
64.41542053222656,13.964699745178223,12.485835790634155
64.49547743797302,13.982712507247925,12.496843576431274
64.62957239151001,13.998723983764648,12.506850481033325
64.75666332244873,14.01571536064148,12.524864673614502
64.86573815345764,14.042734861373901,12.53486967086792
64.9147937297821,14.058739423751831,12.545878410339355
64.96681022644043,14.081755876541138,12.56289029121399
65.02585315704346,14.100797653198242,12.571896314620972
65.1119134426117,14.116786479949951,12.580902814865112
65.17795896530151,14.13679814338684,12.590910196304321
65.25501561164856,14.15981125831604,12.60091757774353
65.32106232643127,14.177823781967163,12.608922481536865
65.39011001586914,14.19484281539917,12.61893081665039
65.46216082572937,14.216878175735474,12.625933408737183
65.52720618247986,14.241869449615479,12.633939981460571
65.58524703979492,14.25888729095459,12.642947435379028
65.65129375457764,14.272897243499756,12.651952505111694
65.73135042190552,14.291905164718628,12.659958362579346
65.80540370941162,14.31191897392273,12.668964624404907
65.87745594978333,14.334941387176514,12.677971839904785
65.9404993057251,14.357951164245605,12.68597674369812
65.98853302001953,14.37596344947815,12.694983005523682
66.03556632995605,14.391975164413452,12.70298957824707
66.07559442520142,14.411988973617554,12.712996482849121
66.1176233291626,14.429007291793823,12.721001863479614
66.16465783119202,14.448014736175537,12.72900676727295
66.22069692611694,14.465032815933228,12.737012386322021
66.2617256641388,14.483039140701294,12.746018886566162
66.3097596168518,14.504061460494995,12.753023624420166
66.37080383300781,14.521066427230835,12.768035173416138
66.40983080863953,14.542081594467163,12.777040958404541
66.44785714149475,14.571107864379883,12.786047458648682
66.49188923835754,14.589120388031006,12.795054912567139
66.54492664337158,14.606125831604004,12.811066389083862
66.58895874023438,14.622137546539307,12.820072174072266
66.64199495315552,14.640177965164185,12.828078031539917
66.68402481079102,14.656168222427368,12.836082935333252
66.73906445503235,14.672173261642456,12.845089673995972
66.77508902549744,14.697192668914795,12.854095935821533
66.80811214447021,14.716211080551147,12.862101554870605
66.84513854980469,14.743224859237671,12.87010645866394
66.87816166877747,14.774251461029053,12.878113031387329
66.91919136047363,14.790283203125,12.885118246078491
66.96122026443481,14.810271263122559,12.894126176834106
67.01826333999634,14.83029055595398,12.902129888534546
67.07630205154419,14.847295999526978,12.91213846206665
67.11833143234253,14.868313312530518,12.92014217376709
67.16536664962769,14.886324405670166,12.928148746490479
67.20439434051514,14.902342557907104,12.936153650283813
67.2374165058136,14.942365169525146,12.944159984588623
67.27444243431091,14.994428396224976,12.952164649963379
67.31246852874756,15.012418985366821,12.959169864654541
67.35249757766724,15.02943229675293,12.968177080154419
67.40353393554688,15.046437740325928,12.976182222366333
67.43455505371094,15.063476800918579,12.984188079833984
67.47258234024048,15.079487800598145,12.99119257926941
67.50760769844055,15.103477478027344,12.99919867515564
67.56164503097534,15.119496583938599,13.005203247070312
67.60067296028137,15.136500120162964,13.013208389282227
67.63669848442078,15.162520170211792,13.01921272277832
67.67672681808472,15.179559707641602,13.025216102600098
67.73777055740356,15.197571754455566,13.03022027015686
67.79381036758423,15.213555812835693,13.037225008010864
67.84584712982178,15.234599113464355,13.045231103897095
67.87686848640442,15.265592575073242,13.05123496055603
67.90789031982422,15.302619218826294,13.057239770889282
67.93490862846375,15.33764386177063,13.064244985580444
67.96193051338196,15.385679483413696,13.07124948501587
67.98996329307556,15.422704935073853,13.079254865646362
68.0159683227539,15.450723886489868,13.086260080337524
68.04598712921143,15.468736410140991,13.093265056610107
68.0740225315094,15.48975157737732,13.104272365570068
68.10202932357788,15.505762100219727,13.114279985427856
68.13004946708679,15.527778387069702,13.120283842086792
68.15906763076782,15.556798696517944,13.12428617477417
68.19209122657776,15.57681941986084,13.129289865493774
68.26914715766907,15.593831539154053,13.132291555404663
68.36021661758423,15.60986328125,13.137295007705688
68.4492735862732,15.62685489654541,13.141297817230225
68.60538482666016,15.643860578536987,13.146301984786987
68.74948954582214,15.661876440048218,13.151305437088013
68.89359474182129,15.678885459899902,13.15530776977539
69.00767064094543,15.693922758102417,13.15931224822998
69.22182202339172,15.712909936904907,13.16431450843811
69.37893152236938,15.728927850723267,13.169318675994873
69.48200535774231,15.748935222625732,13.176324367523193
69.59909272193909,15.775954008102417,13.181326866149902
69.70116114616394,15.805976152420044,13.18532943725586
69.82324695587158,15.823994636535645,13.189332246780396
69.93732738494873,15.8410062789917,13.194336891174316
70.04039907455444,15.857011079788208,13.198338270187378
70.16348695755005,15.874021768569946,13.20434284210205
70.27456474304199,15.890040636062622,13.207345008850098
70.39965796470642,15.909048557281494,13.212349891662598
70.53274893760681,15.927060842514038,13.215351581573486
70.63482594490051,15.952078580856323,13.219354391098022
70.79693961143494,15.97810411453247,13.223356485366821
70.90701365470886,16.008145570755005,13.228359460830688
71.02409720420837,16.027130126953125,13.232362985610962
71.20222234725952,16.047172784805298,13.238366603851318
71.35933351516724,16.06315803527832,13.245372295379639
71.44840002059937,16.080169916152954,13.249374866485596
71.54846620559692,16.102213144302368,13.253377914428711
71.64353370666504,16.119197607040405,13.259382247924805
71.74760818481445,16.136237382888794,13.264385461807251
71.84868431091309,16.159225463867188,13.269388437271118
71.96376061439514,16.18125057220459,13.272390604019165
72.0558249950409,16.19925308227539,13.278395652770996
72.15289831161499,16.21627140045166,13.283398866653442
72.27798295021057,16.233283758163452,13.28740119934082
72.41808152198792,16.250316381454468,13.290403366088867
72.49213790893555,16.266300439834595,13.296408414840698
72.5691876411438,16.283312559127808,13.300410509109497
72.63924241065979,16.299323797225952,13.30441403388977
72.74931621551514,16.3183376789093,13.311419010162354
72.82637071609497,16.335376501083374,13.31542158126831
72.90042185783386,16.356364488601685,13.319424629211426
72.98448133468628,16.381382703781128,13.323427200317383
73.08355188369751,16.397393226623535,13.326429605484009
73.1936297416687,16.41740846633911,13.330431699752808
73.28269696235657,16.4424250125885,13.333434104919434
73.3597481250763,16.483454942703247,13.33743667602539
73.43480467796326,16.514477252960205,13.341439485549927
73.51986122131348,16.542496919631958,13.3454430103302
73.60892295837402,16.581523656845093,13.34946060180664
73.67296862602234,16.610544681549072,13.353448867797852
73.75102424621582,16.63356065750122,13.357466459274292
73.81707453727722,16.65157961845398,13.362455606460571
73.89214634895325,16.668612718582153,13.37446403503418
73.96417474746704,16.684623956680298,13.382469654083252
74.05223774909973,16.702608585357666,13.399482011795044
74.13229250907898,16.718627452850342,13.408487558364868
74.21635317802429,16.73563265800476,13.416493654251099
74.30041217803955,16.7566499710083,13.423497915267944
74.42149925231934,16.78166651725769,13.434505701065063
74.52357077598572,16.800678253173828,13.441510677337646
74.6216402053833,16.8176908493042,13.450516939163208
74.72071075439453,16.832700967788696,13.45752239227295
74.80677080154419,16.85072088241577,13.464526891708374
74.90083694458008,16.86772584915161,13.472532987594604
74.97388935089111,16.884738206863403,13.480538606643677
75.05294489860535,16.900749683380127,13.48854398727417
75.12799715995789,16.919764280319214,13.49554967880249
75.20405173301697,16.9838125705719,13.503555059432983
75.25808882713318,17.001821517944336,13.514563083648682
75.3051426410675,17.02683925628662,13.521567583084106
75.35415744781494,17.049862146377563,13.5295729637146
75.40820002555847,17.067867279052734,13.539580821990967
75.46623587608337,17.084879875183105,13.54758596420288
75.53728818893433,17.103893280029297,13.554591178894043
75.61434745788574,17.122912645339966,13.56259822845459
75.69642782211304,17.14194655418396,13.57060194015503
75.80747961997986,17.165937662124634,13.582610368728638
75.9185574054718,17.18895435333252,13.590616464614868
76.01865577697754,17.206993103027344,13.601625442504883
76.12070202827454,17.229982376098633,13.609630346298218
76.22677993774414,17.260005235671997,13.623642206192017
76.31284070014954,17.293027877807617,13.63064455986023
76.41190600395203,17.32404899597168,13.638650178909302
76.49499273300171,17.350072622299194,13.645655155181885
76.58202624320984,17.376086950302124,13.652660846710205
76.67612099647522,17.407108068466187,13.667670965194702
76.81819343566895,17.443133115768433,13.675676345825195
76.9022524356842,17.470152378082275,13.683681964874268
76.98831462860107,17.498172283172607,13.69068694114685
77.12340998649597,17.5171856880188,13.701694965362549
77.2955322265625,17.541203022003174,13.7097008228302
77.41862344741821,17.561223030090332,13.717705965042114
77.50067687034607,17.57923650741577,13.724710941314697
77.5877435207367,17.599270820617676,13.735718727111816
77.68381023406982,17.616255283355713,13.743725061416626
77.77687096595764,17.634268283843994,13.750730991363525
77.87897157669067,17.651306867599487,13.763740539550781
77.97604084014893,17.667291402816772,13.778754711151123
78.06808304786682,17.685330867767334,13.785754203796387
78.17418050765991,17.701322078704834,13.792759895324707
78.30427241325378,17.719334363937378,13.799764156341553
78.39533758163452,17.738348722457886,13.806769371032715
78.48437142372131,17.75835657119751,13.813774347305298
78.57343482971191,17.776368856430054,13.819778680801392
78.66950750350952,17.79738450050354,13.825782775878906
78.8076000213623,17.814395666122437,13.831787824630737
78.89966559410095,17.8304340839386,13.838792085647583
78.98672747612,17.847445964813232,13.843795537948608
79.11281633377075,17.865436553955078,13.846796989440918
79.26592588424683,17.88044261932373,13.849799394607544
79.37400674819946,17.898455381393433,13.85380220413208
79.47407817840576,17.91747546195984,13.857805013656616
79.56116104125977,17.934481143951416,13.86380934715271
79.65019845962524,17.955522775650024,13.87181544303894
79.74926805496216,17.973519325256348,13.876818656921387
79.84033131599426,17.995530366897583,13.880820989608765
79.93042254447937,18.013542890548706,13.883823156356812
80.01945853233337,18.032556772232056,13.886825323104858
80.11755633354187,18.052571773529053,13.892829895019531
80.20361542701721,18.07060432434082,13.898834466934204
80.29468035697937,18.08859610557556,13.902836561203003
80.38171458244324,18.110605478286743,13.906839370727539
80.47380709648132,18.130646228790283,13.91184377670288
80.55984020233154,18.15363574028015,13.914846181869507
80.64390015602112,18.17165470123291,13.92385220527649
80.78500390052795,18.196667432785034,13.931857824325562
80.89707946777344,18.21567964553833,13.934859275817871
80.9991512298584,18.23369288444519,13.938862800598145
81.21430349349976,18.257715702056885,13.945867776870728
81.34039354324341,18.2747483253479,13.948869466781616
81.42648077011108,18.292734146118164,13.95287275314331
81.51451587677002,18.307771682739258,13.95687484741211
81.60157585144043,18.32578468322754,13.959877252578735
81.69063997268677,18.34277582168579,13.96388053894043
81.77772879600525,18.3638117313385,13.96688199043274
81.86976742744446,18.381797075271606,13.97288727760315
81.96082997322083,18.401811599731445,13.977890729904175
82.03888511657715,18.421852350234985,13.983893871307373
82.14095854759216,18.441839456558228,13.988897323608398
82.28406143188477,18.45985746383667,13.992901086807251
82.44117045402527,18.476863622665405,13.998904943466187
82.53526496887207,18.494877576828003,14.00490927696228
82.619295835495,18.510894298553467,14.009913921356201
82.75939702987671,18.52892756462097,14.013915538787842
82.85148882865906,18.549915313720703,14.017918348312378
82.94252467155457,18.57093095779419,14.023922681808472
83.04260063171387,18.587942123413086,14.027926206588745
83.18769979476929,18.60995888710022,14.030927896499634
83.33780550956726,18.630980014801025,14.033930540084839
83.42486548423767,18.646984577178955,14.03693175315857
83.51392912864685,18.667999505996704,14.039934158325195
83.61700224876404,18.685009956359863,14.045938491821289
83.71807646751404,18.70205044746399,14.052943468093872
83.82415342330933,18.720043182373047,14.057947158813477
83.93122410774231,18.736074924468994,14.062950134277344
84.01328158378601,18.76209306716919,14.065951824188232
84.10134482383728,18.778104782104492,14.06895399093628
84.19741225242615,18.79408884048462,14.071956157684326
84.28448128700256,18.8161039352417,14.074957847595215
84.38257169723511,18.835124015808105,14.078961849212646
84.46460127830505,18.852129697799683,14.081964015960693
84.56767463684082,18.86814045906067,14.08496618270874
84.6597409248352,18.890157461166382,14.087968587875366
84.83186101913452,18.91219997406006,14.090970277786255
84.9219262599945,19.000234603881836,14.094972372055054
85.03200483322144,19.031258583068848,14.10197901725769
85.16810011863708,19.055278539657593,14.109983921051025
85.27517461776733,19.07331347465515,14.117989540100098
85.38325691223145,19.090298175811768,14.123994588851929
85.46731114387512,19.10731029510498,14.130999088287354
85.5683822631836,19.130326509475708,14.139004468917847
85.64943981170654,19.150341987609863,14.146009683609009
85.74750995635986,19.16837978363037,14.153014659881592
85.84960913658142,19.188395738601685,14.16002082824707
85.94264817237854,19.214386463165283,14.167024612426758
86.03471183776855,19.2384033203125,14.172028064727783
86.13779187202454,19.25941824913025,14.178032398223877
86.22984981536865,19.282434940338135,14.185037851333618
86.33292579650879,19.304455995559692,14.192042350769043
86.43902611732483,19.33046865463257,14.197046995162964
86.51908373832703,19.356487274169922,14.204050779342651
86.61412715911865,19.381508588790894,14.210055112838745
86.74221420288086,19.406522750854492,14.215059280395508
86.84528517723083,19.44154667854309,14.220062971115112
86.943354845047,19.46756625175476,14.2250657081604
87.07044672966003,19.487579345703125,14.230068683624268
87.23356103897095,19.512625455856323,14.237074613571167
87.35965085029602,19.53363871574402,14.243079662322998
87.45972490310669,19.55562734603882,14.249082565307617
87.54377865791321,19.572646141052246,14.255088567733765
87.65685987472534,19.589651107788086,14.261090755462646
87.7479236125946,19.606663465499878,14.266095161437988
87.84099006652832,19.63068675994873,14.273100852966309
87.92505049705505,19.65072274208069,14.280105352401733
88.01912117004395,19.667706966400146,14.289111375808716
88.1051766872406,19.68372392654419,14.302120923995972
88.20224523544312,19.70373225212097,14.307124376296997
88.32133078575134,19.72574758529663,14.312127351760864
88.4164023399353,19.748764753341675,14.31613039970398
88.50946927070618,19.765774965286255,14.322133779525757
88.60352826118469,19.783788681030273,14.326137065887451
88.70960569381714,19.799825429916382,14.330139875411987
88.83870100975037,19.821816444396973,14.334142684936523
88.9317889213562,19.841829776763916,14.337144613265991
89.0448431968689,19.85884189605713,14.342148542404175
89.18394112586975,19.87385869026184,14.347151517868042
89.34004974365234,19.891865253448486,14.35015344619751
89.43111395835876,19.90687608718872,14.354156970977783
89.52217888832092,19.92489457130432,14.357158184051514
89.6152491569519,19.94390630722046,14.363163232803345
89.70030522346497,19.96392250061035,14.366164207458496
89.80838322639465,19.98994016647339,14.37217092514038
89.89847302436829,20.016953706741333,14.37717318534851
89.99351334571838,20.03896975517273,14.382177591323853
90.13263988494873,20.065000772476196,14.385177612304688
90.23268938064575,20.08600878715515,14.388180255889893
90.32274556159973,20.10201358795166,14.392184734344482
90.43683242797852,20.11803102493286,14.396186590194702
90.51888942718506,20.137044668197632,14.403191328048706
90.60794639587402,20.15505814552307,14.407194375991821
90.71402430534363,20.177067756652832,14.411198139190674
90.85312104225159,20.202091455459595,14.414199352264404
90.94521355628967,20.226099967956543,14.41820216178894
91.06730008125305,20.24311327934265,14.424206018447876
91.20136785507202,20.26115345954895,14.430210828781128
91.31345725059509,20.278144359588623,14.434214353561401
91.412517786026,20.295150756835938,14.43721604347229
91.50257968902588,20.31216287612915,14.440218210220337
91.59767532348633,20.328201055526733,14.44522213935852
91.71072840690613,20.348188400268555,14.449223756790161
91.8028199672699,20.365199089050293,14.456228733062744
91.89286041259766,20.383219480514526,14.46023154258728
91.99395513534546,20.402254104614258,14.464233636856079
92.08501958847046,20.421245098114014,14.467236280441284
92.1730546951294,20.445257425308228,14.474240779876709
92.32816481590271,20.46326971054077,14.479245662689209
92.43524479866028,20.47928810119629,14.48224687576294
92.51932716369629,20.496298789978027,14.485248565673828
92.60535955429077,20.51333236694336,14.48925256729126
92.70743417739868,20.531323671340942,14.4932541847229
92.8485324382782,20.550331354141235,14.497257709503174
92.95260643959045,20.569371223449707,14.5022611618042
93.08069777488708,20.58436131477356,14.505263090133667
93.24281215667725,20.60337471961975,14.511268138885498
93.42794179916382,20.61937975883484,14.516270875930786
93.57004857063293,20.639400720596313,14.519272565841675
93.66811633110046,20.661415815353394,14.522274732589722
93.7781891822815,20.679449558258057,14.52527666091919
93.8692615032196,20.69644045829773,14.528279781341553
93.95231819152832,20.716474771499634,14.5312819480896
94.04238104820251,20.73448872566223,14.534283876419067
94.13544178009033,20.755475282669067,14.537286758422852
94.22050285339355,20.772494316101074,14.540288209915161
94.30856394767761,20.78750491142273,14.544304847717285
94.40763473510742,20.807512521743774,14.54729437828064
94.49269413948059,20.831530570983887,14.550296545028687
94.57675313949585,20.85355019569397,14.554299354553223
94.67782592773438,20.87158489227295,14.557299375534058
94.83794069290161,20.88757586479187,14.56031608581543
94.94201707839966,20.904608726501465,14.564318656921387
95.04808855056763,20.964624404907227,14.567320823669434
95.1961920261383,21.007654666900635,14.57032299041748
95.31427764892578,21.03767681121826,14.573312759399414
95.40134191513062,21.05969524383545,14.577314376831055
95.48940110206604,21.0767023563385,14.580316066741943
95.57846331596375,21.101747274398804,14.583332538604736
95.66655254364014,21.117738962173462,14.586334466934204
95.77660846710205,21.13774561882019,14.589336633682251
